,Without SMOTER,Without SMOTER,Without SMOTER,With SMOTER,With SMOTER,With SMOTER
,MSE,RMSE,R²,MSE,RMSE,R²
OLS,963.2624189302445,30.185302348615398,0.7779554385254358,989.5424333384533,30.57992578038027,0.7793228351431501
Random Forest,900.2748585162972,29.13717108721882,0.7924070061778806,1113.6567433812447,32.105269435242,0.7449751705886889
SVR,880.394051166379,28.94193093691761,0.7962848558671257,1266.956857558964,34.46616585822548,0.7090693309847687
XGBoost,985.9147633360656,30.548913202407835,0.7690049142422902,998.8093120887739,30.865088040560796,0.7641110091723755
XGBoost + NN,913.8561433931129,29.401056135916832,0.7903378330440021,893.1979914106793,29.32481280496561,0.787513842531548
