,Without SMOTER,Without SMOTER,Without SMOTER,With SMOTER,With SMOTER,With SMOTER
,MSE,RMSE,R²,MSE,RMSE,R²
OLS,962.606525472079,30.174362420548142,0.7781106961170029,962.606525472079,30.174362420548142,0.7781106961170029
Random Forest,901.6064385223075,29.141363422489672,0.7923648483961784,1132.3372469331675,32.435632424984036,0.740017550725822
SVR,887.8931005468796,29.09154315422702,0.7938061411622485,900.7386247789385,29.287057828880553,0.7896331520577057
XGBoost,935.7752047913922,29.837526139527018,0.7808995004672075,969.562314776714,30.426885619687823,0.7697552711048855
XGBoost + NN,885.1947681916978,29.042377532233967,0.7947753659753242,910.8698185561813,29.54774968958974,0.7868412803260424
