,Metric Evaluation,Metric Evaluation,Metric Evaluation,Cross Validation,Cross Validation,Cross Validation
,MSE,RMSE,R²,MSE,RMSE,R²
OLS,623.6731952159256,24.97344980606255,0.8345399439428365,962.3185161247778,30.177054032795088,0.7779985003834
Random Forest,547.7099675738965,23.403204215959327,0.8546929343236106,899.6879220521699,29.120206824262034,0.792546183476617
SVR,630.9324711181038,25.118369197025984,0.8326140631980452,889.0571767126663,29.12274228374493,0.793287673196251
XGBoost,678.8726450989841,26.055184610725444,0.8198955690650396,951.2252562387745,30.035774617338536,0.7760368137166649
XGBoost + NN,674.1472555608385,25.964345852742728,0.8211492115558039,911.9273770574882,29.360233468690854,0.7908957692151424
