,Without SMOTER,Without SMOTER,Without SMOTER,With SMOTER,With SMOTER,With SMOTER
,MSE,RMSE,R²,MSE,RMSE,R²
OLS,625.1725373649891,25.003450509179512,0.8341421695348037,694.5628495388019,26.354560317690787,0.8157329689628149
Random Forest,554.0333069525295,23.537912119653466,0.8530153568742626,659.2904618625387,25.676652076595552,0.8250907083797926
SVR,632.078480516292,25.14117102515895,0.8323100277180522,692.6548659911174,26.3183370673589,0.8162391556438806
XGBoost,721.01811507669,26.851780482431515,0.8087144057914561,789.7358785316467,28.102239742263368,0.7904836319172582
XGBoost + NN,632.1270997307925,25.142137930788472,0.8322971290749512,714.1202368232583,26.723028212073167,0.8105444079965263
